{"initial_reset_timestamp": 1501536774.525489, "timestamps": [1501536781.675837], "episode_lengths": [200], "episode_rewards": [200.0], "episode_types": ["t", "t"]}